{
    "IMGP3286": {
        "s": [
            -2.485914830701497,
            -1.0718742401382664,
            0.34216635042496346,
            1.7562069409881955,
            3.170247531551426,
            4.584288122114656,
            5.998328712677888,
            7.412369303241118,
            8.82640989380435
        ],
        "rho": [
            -15.396039787334606,
            -15.23199856261979,
            -15.904100535266302,
            -15.918743380185447,
            -16.22281549800936,
            -16.835653796614547,
            -17.69598819840928,
            -18.72866823427736,
            -19.889790684943243
        ],
        "unit": "log m2"
    },
    "IMGP3859": {
        "s": [
            -2.6807907405513562,
            -1.1870166237368238,
            0.3067574930777086,
            1.8005316098922415,
            3.294305726706773,
            4.788079843521306,
            6.281853960335837,
            7.775628077150371,
            9.269402193964904
        ],
        "rho": [
            -14.9824246922934,
            -15.02910255710789,
            -15.802779149858647,
            -15.814694908413927,
            -16.045897199820963,
            -16.281631300855505,
            -16.883625753455632,
            -17.67233133657151,
            -18.89357394048021
        ],
        "unit": "log m2"
    },
    "IMGP0146": {
        "s": [
            -1.4231004627282502,
            0.26223890441539455,
            1.9475782715590388,
            3.632917638702684,
            5.318257005846329,
            7.003596372989973,
            8.688935740133617,
            10.374275107277262,
            12.059614474420908
        ],
        "rho": [
            -14.014121432628064,
            -14.252921094946831,
            -14.849240012959598,
            -14.961845265515592,
            -15.757284305233526,
            -17.404473786565305,
            -19.411883265041702,
            -20.988914892340762,
            -21.720848479625566
        ],
        "unit": "log m2"
    },
    "IMGP3353-3355": {
        "s": [
            -3.121256803351135,
            -1.6830930782878584,
            -0.2449293532245811,
            1.1932343718386953,
            2.6313980969019726,
            4.06956182196525,
            5.507725547028526,
            6.945889272091803,
            8.38405299715508
        ],
        "rho": [
            -17.052238153073237,
            -16.13275667859137,
            -16.38338095602517,
            -16.25593764520532,
            -16.832913929544603,
            -17.70682367200311,
            -18.943633128041377,
            -20.36743929081561,
            -22.446870720692527
        ],
        "unit": "log m2"
    },
    "IMGP3898": {
        "s": [
            -1.1382474730124015,
            0.2729769120681542,
            1.6842012971487095,
            3.095425682229265,
            4.50665006730982,
            5.917874452390377,
            7.329098837470932,
            8.740323222551487,
            10.151547607632043
        ],
        "rho": [
            -13.61986978754663,
            -13.81068306232567,
            -14.003882139562716,
            -14.447050859366588,
            -15.098619923070274,
            -16.12286246296591,
            -17.966198347511977,
            -19.658266556727398,
            -20.271153519895194
        ],
        "unit": "log m2"
    }
}